key,automatic-sequence-number,creation,memorandum,link,key:patronage
patronage-report-01,BHG-532-S:0001,2020/12/11 16:00,there isn't any memorandum for this patronage,null,patronage-01
patronage-report-02,BHG-532-S:0002,2018/09/23 12:00,an important patronage,http://sample-link-01.com,patronage-01
patronage-report-03,WFA-389:0001,2011/01/07 19:15,another important patronage,null,patronage-02
patronage-report-04,WFA-389:0002,2012/03/08 14:30,another important patronage,null,patronage-02
patronage-report-05,ANA-512:0001,2014/09/10 12:42,another important patronage,null,patronage-04
patronage-report-06,ANA-512:0002,2017/05/07 16:28,another important patronage,null,patronage-04
patronage-report-07,ERF-006-M:0001,2013/01/01 22:01,another important patronage,null,patronage-03
patronage-report-08,ERF-006-M:0002,2018/12/06 21:33,another important patronage,null,patronage-03
patronage-report-09,EVA-631-K:0001,2019/10/21 23:55,another important patronage,null,patronage-05
patronage-report-10,EVA-631-K:0002,2021/11/22 18:30,another important patronage,null,patronage-05